rxn_id,v_pfba,lb,ub,formula
MAR00569,-0.0311206884848483,-1000,1000,MAM01371e 	<=>
MAR00574,-0.00252,-1000,1000,MAM00240e 	<=>
MAR00603,0.0192,-1000,1000,MAM03620e 	<=>
MAR00628,-0.0040408,-1000,1000,MAM00656e 	<=>
MAR00631,-0.0036032,-1000,1000,MAM10006e 	<=>
MAR00656,-0.00042,-1000,1000,MAM02685e 	<=>
MAR00658,-0.004,-1000,1000,MAM02715e 	<=>
MAR01871,0.0460632533333333,-1000,1000,MAM01155e 	<=>
MAR04110,-0.0004,-1000,1000,MAM01350e 	<=>
MAR04148,-0.0152,-1000,1000,MAM02000e 	<=>
MAR04164,0.0152,-1000,1000,MAM02402e 	<=>
MAR04384,-0.0214272,-1000,1000,MAM01430e 	<=>
MAR09051,-3.53795379537954e-06,-1000,1000,MAM02353e 	<=>
MAR09055,3.53795379537954e-06,-1000,1000,MAM02352e 	<=>
MAR09103,-0.0212949139393938,-1000,1000,MAM02042e 	<=>
MAR09107,-0.0004,-1000,1000,MAM02049e 	<=>
MAR09108,-0.0460632533333333,-1000,1000,MAM01704e 	<=>
MAR09109,-0.0004,-1000,1000,MAM01401e 	<=>
MAR09152,-0.0004,-1000,1000,MAM01330e 	<=>
MAR09154,-0.0004,-1000,1000,MAM01938e 	<=>
MAR09167,-0.0004,-1000,1000,MAM02394e 	<=>
MAR09172,-9.6e-06,-1000,1000,MAM00549e 	<=>
MAR09215,-0.0012,-1000,1000,MAM01415e 	<=>
MAR09235,-0.0019,-1000,1000,MAM02692e 	<=>
MAR09269,-0.0004,-1000,1000,MAM01361e 	<=>
MAR09271,-0.0002,-1000,1000,MAM01397e 	<=>
MAR09273,0.0002,-1000,1000,MAM01396e 	<=>
MAR09285,-0.00161419141914191,-1000,1000,MAM01450e 	<=>
MAR09383,-0.0237594666666667,-1000,1000,MAM02631e 	<=>
MAR09401,0.00910577454545459,-1000,1000,MAM02841e 	<=>
MAR09404,-0.0084,-1000,1000,MAM02833e 	<=>
MAR09421,0.0019,-1000,1000,MAM02980e 	<=>
MAR09440,-0.00552,-1000,1000,MAM03130e 	<=>
MAR09729,-0.004,-1000,1000,MAM03161e 	<=>
MAR09811,0.1356032,-1000,1000,MAM02120e 	<=>
MAR09847,-0.0016,-1000,1000,MAM01644e 	<=>
MAR09849,-3.2e-06,-1000,1000,MAM01798e 	<=>
MAR10024,0.004,-1000,1000,MAM03971e 	<=>
MAR10047,0.0040016,-1000,1000,MAM00235e 	<=>
MAR10188,-0.004,-1000,1000,MAM03247e 	<=>
MAR10193,0.0016,-1000,1000,MAM01052e 	<=>
MAR10242,-0.0024,-1000,1000,MAM02574e 	<=>
MAR10265,-0.003,-1000,1000,MAM02497e 	<=>
MAR10541,-0.004,-1000,1000,MAM03473e 	<=>
MAR10543,-0.0016,-1000,1000,MAM03475e 	<=>
MAR10546,0.00744745696969692,-1000,1000,MAM03529e 	<=>
MAR10596,-0.0006,-1000,1000,MAM03693e 	<=>
MAR10613,-0.0016,-1000,1000,MAM03722e 	<=>
MAR10615,-0.0096,-1000,1000,MAM03738e 	<=>
MAR10663,-0.0048,-1000,1000,MAM03903e 	<=>
MAR10684,-0.0028,-1000,1000,MAM03994e 	<=>
MAR10709,-0.0052,-1000,1000,MAM04033e 	<=>
MAR10723,-0.000400000000000001,-1000,1000,MAM04052e 	<=>
MAR10727,-0.0028,-1000,1000,MAM04056e 	<=>
MAR10730,-0.0076,-1000,1000,MAM04064e 	<=>
MAR11293,-0.1356032,-1000,1000,MAM03684e 	<=>
MAR11424,-0.0004,-1000,1000,MAM01973e 	<=>
MAR11491,0.0012,-1000,1000,MAM03190e 	<=>
MAR11508,0.0005336,-1000,1000,MAM03777e 	<=>
MAR11947,0.0178112,-1000,1000,MAM02929e 	<=>
MAR11959,-0.0003856,-1000,1000,MAM02927e 	<=>
MAR11965,-0.0004,-1000,1000,MAM01417e 	<=>
MAR11974,-0.0752032121212121,-1000,1000,MAM01841e 	<=>
MAR12127,-0.0040064,-1000,1000,MAM02750e 	<=>
